{
  "accuracy": 0.7741935483870968,
  "precision_macro": 0.1935483870967742,
  "precision_weighted": 0.5993756503642039,
  "recall_macro": 0.25,
  "recall_weighted": 0.7741935483870968,
  "f1_macro": 0.21818181818181817,
  "f1_weighted": 0.6756598240469208,
  "precision_理论讲授型": 0.0,
  "recall_理论讲授型": 0.0,
  "f1_理论讲授型": 0.0,
  "precision_启发引导型": 0.7741935483870968,
  "recall_启发引导型": 1.0,
  "f1_启发引导型": 0.8727272727272727,
  "precision_互动导向型": 0.0,
  "recall_互动导向型": 0.0,
  "f1_互动导向型": 0.0,
  "precision_逻辑推导型": 0.0,
  "recall_逻辑推导型": 0.0,
  "f1_逻辑推导型": 0.0,
  "precision_题目驱动型": 0.0,
  "recall_题目驱动型": 0.0,
  "f1_题目驱动型": 0.0,
  "precision_情感表达型": 0.0,
  "recall_情感表达型": 0.0,
  "f1_情感表达型": 0.0,
  "precision_耐心细致型": 0.0,
  "recall_耐心细致型": 0.0,
  "f1_耐心细致型": 0.0
}