{
  "accuracy": 0.8387096774193549,
  "precision_macro": 0.2795698924731183,
  "precision_weighted": 0.7034339229968783,
  "recall_macro": 0.3333333333333333,
  "recall_weighted": 0.8387096774193549,
  "f1_macro": 0.30409356725146197,
  "f1_weighted": 0.7651386530843237,
  "precision_理论讲授型": 0.0,
  "recall_理论讲授型": 0.0,
  "f1_理论讲授型": 0.0,
  "precision_启发引导型": 0.8387096774193549,
  "recall_启发引导型": 1.0,
  "f1_启发引导型": 0.9122807017543859,
  "precision_互动导向型": 0.0,
  "recall_互动导向型": 0.0,
  "f1_互动导向型": 0.0,
  "precision_逻辑推导型": 0.0,
  "recall_逻辑推导型": 0.0,
  "f1_逻辑推导型": 0.0,
  "precision_题目驱动型": 0.0,
  "recall_题目驱动型": 0.0,
  "f1_题目驱动型": 0.0,
  "precision_情感表达型": 0.0,
  "recall_情感表达型": 0.0,
  "f1_情感表达型": 0.0,
  "precision_耐心细致型": 0.0,
  "recall_耐心细致型": 0.0,
  "f1_耐心细致型": 0.0
}