{
  "accuracy": 0.8653333333333333,
  "precision_macro": 0.8668677695417607,
  "precision_weighted": 0.8660758267566889,
  "recall_macro": 0.8668855674988369,
  "recall_weighted": 0.8653333333333333,
  "f1_macro": 0.8663218055280506,
  "f1_weighted": 0.8651302395399112,
  "precision_理论讲授型": 0.8543689320388349,
  "recall_理论讲授型": 0.7719298245614035,
  "f1_理论讲授型": 0.8110599078341014,
  "precision_启发引导型": 0.8518518518518519,
  "recall_启发引导型": 0.8288288288288288,
  "f1_启发引导型": 0.8401826484018264,
  "precision_互动导向型": 0.7706422018348624,
  "recall_互动导向型": 0.8076923076923077,
  "f1_互动导向型": 0.7887323943661972,
  "precision_逻辑推导型": 0.8495575221238938,
  "recall_逻辑推导型": 0.8807339449541285,
  "f1_逻辑推导型": 0.8648648648648649,
  "precision_题目驱动型": 0.8608695652173913,
  "recall_题目驱动型": 0.9166666666666666,
  "f1_题目驱动型": 0.8878923766816144,
  "precision_情感表达型": 0.92,
  "recall_情感表达型": 0.9108910891089109,
  "f1_情感表达型": 0.9154228855721394,
  "precision_耐心细致型": 0.9607843137254902,
  "recall_耐心细致型": 0.9514563106796117,
  "f1_耐心细致型": 0.9560975609756097,
  "auc_ovr": 0.9833158461917736,
  "auc_ovo": 0.9835048366240097
}