{
  "accuracy": 0.4533333333333333,
  "precision_macro": 0.4831355922687192,
  "precision_weighted": 0.5032383114890855,
  "recall_macro": 0.42574438207654314,
  "recall_weighted": 0.4533333333333333,
  "f1_macro": 0.4223549520854381,
  "f1_weighted": 0.4488735913255693,
  "precision_理论讲授型": 0.6486486486486487,
  "recall_理论讲授型": 0.7741935483870968,
  "f1_理论讲授型": 0.7058823529411764,
  "precision_启发引导型": 0.45454545454545453,
  "recall_启发引导型": 0.5,
  "f1_启发引导型": 0.47619047619047616,
  "precision_互动导向型": 0.5,
  "recall_互动导向型": 0.10526315789473684,
  "f1_互动导向型": 0.17391304347826086,
  "precision_逻辑推导型": 0.23529411764705882,
  "recall_逻辑推导型": 0.4444444444444444,
  "f1_逻辑推导型": 0.30769230769230765,
  "precision_题目驱动型": 0.36363636363636365,
  "recall_题目驱动型": 0.32,
  "f1_题目驱动型": 0.3404255319148936,
  "precision_情感表达型": 0.2631578947368421,
  "recall_情感表达型": 0.3125,
  "f1_情感表达型": 0.2857142857142857,
  "precision_耐心细致型": 0.9166666666666666,
  "recall_耐心细致型": 0.5238095238095238,
  "f1_耐心细致型": 0.6666666666666667,
  "auc_ovr": 0.8077540433680109,
  "auc_ovo": 0.8017910458750563
}